timestamp,sender,receiver,type,message
2026-07-03 12:42:35,Sadhak,ALL,Broadcast,yo yo yo
2026-07-03 12:42:45,Alice,ALL,Broadcast,hey sadhak bro !!
2026-07-03 12:42:55,Hacker,ALL,Broadcast,yoo I'm here too
2026-07-03 12:43:19,Noob,ALL,Broadcast,"gang , let's play valorant"
2026-07-03 12:45:31,Alice,Hacker,Private,yo bro do you know what happened yesterday
2026-07-03 13:59:55,Alice,ALL,Broadcast,Message 1 from Alice
2026-07-03 13:59:55,Alice,ALL,Broadcast,Message 2 from Alice
2026-07-03 13:59:55,Alice,ALL,Broadcast,Message 3 from Alice
2026-07-03 13:59:55,Alice,ALL,Broadcast,Message 4 from Alice
2026-07-03 13:59:55,Alice,ALL,Broadcast,Message 5 from Alice
2026-07-03 13:59:55,Alice,ALL,Broadcast,Message 6 from Alice
2026-07-03 13:59:55,Alice,ALL,Broadcast,Message 7 from Alice
2026-07-03 13:59:55,Alice,ALL,Broadcast,Message 8 from Alice
2026-07-03 13:59:56,Alice,ALL,Broadcast,Message 9 from Alice
2026-07-03 13:59:56,Alice,ALL,Broadcast,Message 10 from Alice
2026-07-03 13:59:56,Alice,ALL,Broadcast,Message 11 from Alice
2026-07-03 13:59:56,Alice,ALL,Broadcast,Message 12 from Alice
2026-07-03 13:59:56,Alice,ALL,Broadcast,Message 13 from Alice
2026-07-03 13:59:56,Alice,ALL,Broadcast,Message 14 from Alice
2026-07-03 13:59:56,Alice,ALL,Broadcast,Message 15 from Alice
2026-07-03 13:59:56,Alice,ALL,Broadcast,Message 16 from Alice
2026-07-03 13:59:56,Alice,ALL,Broadcast,Message 17 from Alice
2026-07-03 13:59:56,Alice,ALL,Broadcast,Message 18 from Alice
2026-07-03 13:59:57,Alice,ALL,Broadcast,Message 19 from Alice
2026-07-03 13:59:57,Alice,ALL,Broadcast,Message 20 from Alice
2026-07-03 13:59:57,Alice,ALL,Broadcast,Message 21 from Alice
2026-07-03 13:59:57,Alice,ALL,Broadcast,Message 22 from Alice
2026-07-03 13:59:57,Alice,ALL,Broadcast,Message 23 from Alice
2026-07-03 13:59:57,Alice,ALL,Broadcast,Message 24 from Alice
2026-07-03 13:59:57,Alice,ALL,Broadcast,Message 25 from Alice
2026-07-03 13:59:57,Alice,ALL,Broadcast,Message 26 from Alice
2026-07-03 13:59:57,Alice,ALL,Broadcast,Message 27 from Alice
2026-07-03 13:59:57,Alice,ALL,Broadcast,Message 28 from Alice
2026-07-03 13:59:58,Alice,ALL,Broadcast,Message 29 from Alice
2026-07-03 13:59:58,Alice,ALL,Broadcast,Message 30 from Alice
2026-07-03 13:59:58,Alice,ALL,Broadcast,Message 31 from Alice
2026-07-03 13:59:58,Alice,ALL,Broadcast,Message 32 from Alice
2026-07-03 13:59:58,Alice,ALL,Broadcast,Message 33 from Alice
2026-07-03 13:59:58,Alice,ALL,Broadcast,Message 34 from Alice
2026-07-03 13:59:58,Alice,ALL,Broadcast,Message 35 from Alice
2026-07-03 13:59:58,Alice,ALL,Broadcast,Message 36 from Alice
2026-07-03 13:59:58,Alice,ALL,Broadcast,Message 37 from Alice
2026-07-03 13:59:58,Alice,ALL,Broadcast,Message 38 from Alice
2026-07-03 13:59:59,Alice,ALL,Broadcast,Message 39 from Alice
2026-07-03 13:59:59,Alice,ALL,Broadcast,Message 40 from Alice
2026-07-03 13:59:59,Alice,ALL,Broadcast,Message 41 from Alice
2026-07-03 13:59:59,Alice,ALL,Broadcast,Message 42 from Alice
2026-07-03 13:59:59,Alice,ALL,Broadcast,Message 43 from Alice
2026-07-03 13:59:59,Alice,ALL,Broadcast,Message 44 from Alice
2026-07-03 13:59:59,Alice,ALL,Broadcast,Message 45 from Alice
2026-07-03 13:59:59,Alice,ALL,Broadcast,Message 46 from Alice
2026-07-03 13:59:59,Alice,ALL,Broadcast,Message 47 from Alice
2026-07-03 13:59:59,Alice,ALL,Broadcast,Message 48 from Alice
2026-07-03 14:00:00,Alice,ALL,Broadcast,Message 49 from Alice
2026-07-03 14:00:00,Alice,ALL,Broadcast,Message 50 from Alice
2026-07-03 14:00:08,Hacker,ALL,Broadcast,Message 1 from Hacker
2026-07-03 14:00:08,Hacker,ALL,Broadcast,Message 2 from Hacker
2026-07-03 14:00:08,Hacker,ALL,Broadcast,Message 3 from Hacker
2026-07-03 14:00:08,Hacker,ALL,Broadcast,Message 4 from Hacker
2026-07-03 14:00:08,Hacker,ALL,Broadcast,Message 5 from Hacker
2026-07-03 14:00:08,Hacker,ALL,Broadcast,Message 6 from Hacker
2026-07-03 14:00:09,Hacker,ALL,Broadcast,Message 7 from Hacker
2026-07-03 14:00:09,Hacker,ALL,Broadcast,Message 8 from Hacker
2026-07-03 14:00:09,Hacker,ALL,Broadcast,Message 9 from Hacker
2026-07-03 14:00:09,Hacker,ALL,Broadcast,Message 10 from Hacker
2026-07-03 14:00:09,Hacker,ALL,Broadcast,Message 11 from Hacker
2026-07-03 14:00:09,Hacker,ALL,Broadcast,Message 12 from Hacker
2026-07-03 14:00:09,Hacker,ALL,Broadcast,Message 13 from Hacker
2026-07-03 14:00:09,Hacker,ALL,Broadcast,Message 14 from Hacker
2026-07-03 14:00:09,Hacker,ALL,Broadcast,Message 15 from Hacker
2026-07-03 14:00:09,Hacker,ALL,Broadcast,Message 16 from Hacker
2026-07-03 14:00:10,Hacker,ALL,Broadcast,Message 17 from Hacker
2026-07-03 14:00:10,Hacker,ALL,Broadcast,Message 18 from Hacker
2026-07-03 14:00:10,Hacker,ALL,Broadcast,Message 19 from Hacker
2026-07-03 14:00:10,Hacker,ALL,Broadcast,Message 20 from Hacker
2026-07-03 14:00:10,Hacker,ALL,Broadcast,Message 21 from Hacker
2026-07-03 14:00:10,Hacker,ALL,Broadcast,Message 22 from Hacker
2026-07-03 14:00:10,Hacker,ALL,Broadcast,Message 23 from Hacker
2026-07-03 14:00:10,Hacker,ALL,Broadcast,Message 24 from Hacker
2026-07-03 14:00:10,Hacker,ALL,Broadcast,Message 25 from Hacker
2026-07-03 14:00:10,Hacker,ALL,Broadcast,Message 26 from Hacker
2026-07-03 14:00:11,Hacker,ALL,Broadcast,Message 27 from Hacker
2026-07-03 14:00:11,Hacker,ALL,Broadcast,Message 28 from Hacker
2026-07-03 14:00:11,Hacker,ALL,Broadcast,Message 29 from Hacker
2026-07-03 14:00:11,Hacker,ALL,Broadcast,Message 30 from Hacker
2026-07-03 14:00:11,Hacker,ALL,Broadcast,Message 31 from Hacker
2026-07-03 14:00:11,Hacker,ALL,Broadcast,Message 32 from Hacker
2026-07-03 14:00:11,Hacker,ALL,Broadcast,Message 33 from Hacker
2026-07-03 14:00:11,Hacker,ALL,Broadcast,Message 34 from Hacker
2026-07-03 14:00:11,Hacker,ALL,Broadcast,Message 35 from Hacker
2026-07-03 14:00:11,Hacker,ALL,Broadcast,Message 36 from Hacker
2026-07-03 14:00:12,Hacker,ALL,Broadcast,Message 37 from Hacker
2026-07-03 14:00:12,Hacker,ALL,Broadcast,Message 38 from Hacker
2026-07-03 14:00:12,Hacker,ALL,Broadcast,Message 39 from Hacker
2026-07-03 14:00:12,Hacker,ALL,Broadcast,Message 40 from Hacker
2026-07-03 14:00:12,Hacker,ALL,Broadcast,Message 41 from Hacker
2026-07-03 14:00:12,Hacker,ALL,Broadcast,Message 42 from Hacker
2026-07-03 14:00:12,Hacker,ALL,Broadcast,Message 43 from Hacker
2026-07-03 14:00:12,Hacker,ALL,Broadcast,Message 44 from Hacker
2026-07-03 14:00:12,Hacker,ALL,Broadcast,Message 45 from Hacker
2026-07-03 14:00:12,Hacker,ALL,Broadcast,Message 46 from Hacker
2026-07-03 14:00:13,Hacker,ALL,Broadcast,Message 47 from Hacker
2026-07-03 14:00:13,Hacker,ALL,Broadcast,Message 48 from Hacker
2026-07-03 14:00:13,Hacker,ALL,Broadcast,Message 49 from Hacker
2026-07-03 14:00:13,Hacker,ALL,Broadcast,Message 50 from Hacker
2026-07-03 14:00:19,Noob,ALL,Broadcast,Message 1 from Noob
2026-07-03 14:00:19,Noob,ALL,Broadcast,Message 2 from Noob
2026-07-03 14:00:19,Noob,ALL,Broadcast,Message 3 from Noob
2026-07-03 14:00:19,Noob,ALL,Broadcast,Message 4 from Noob
2026-07-03 14:00:19,Noob,ALL,Broadcast,Message 5 from Noob
2026-07-03 14:00:19,Noob,ALL,Broadcast,Message 6 from Noob
2026-07-03 14:00:19,Noob,ALL,Broadcast,Message 7 from Noob
2026-07-03 14:00:19,Noob,ALL,Broadcast,Message 8 from Noob
2026-07-03 14:00:20,Noob,ALL,Broadcast,Message 9 from Noob
2026-07-03 14:00:20,Noob,ALL,Broadcast,Message 10 from Noob
2026-07-03 14:00:20,Noob,ALL,Broadcast,Message 11 from Noob
2026-07-03 14:00:20,Noob,ALL,Broadcast,Message 12 from Noob
2026-07-03 14:00:20,Noob,ALL,Broadcast,Message 13 from Noob
2026-07-03 14:00:20,Noob,ALL,Broadcast,Message 14 from Noob
2026-07-03 14:00:20,Noob,ALL,Broadcast,Message 15 from Noob
2026-07-03 14:00:20,Noob,ALL,Broadcast,Message 16 from Noob
2026-07-03 14:00:20,Noob,ALL,Broadcast,Message 17 from Noob
2026-07-03 14:00:20,Noob,ALL,Broadcast,Message 18 from Noob
2026-07-03 14:00:21,Noob,ALL,Broadcast,Message 19 from Noob
2026-07-03 14:00:21,Noob,ALL,Broadcast,Message 20 from Noob
2026-07-03 14:00:21,Noob,ALL,Broadcast,Message 21 from Noob
2026-07-03 14:00:21,Noob,ALL,Broadcast,Message 22 from Noob
2026-07-03 14:00:21,Noob,ALL,Broadcast,Message 23 from Noob
2026-07-03 14:00:21,Noob,ALL,Broadcast,Message 24 from Noob
2026-07-03 14:00:21,Noob,ALL,Broadcast,Message 25 from Noob
2026-07-03 14:00:21,Noob,ALL,Broadcast,Message 26 from Noob
2026-07-03 14:00:21,Noob,ALL,Broadcast,Message 27 from Noob
2026-07-03 14:00:21,Noob,ALL,Broadcast,Message 28 from Noob
2026-07-03 14:00:22,Noob,ALL,Broadcast,Message 29 from Noob
2026-07-03 14:00:22,Noob,ALL,Broadcast,Message 30 from Noob
2026-07-03 14:00:22,Noob,ALL,Broadcast,Message 31 from Noob
2026-07-03 14:00:22,Noob,ALL,Broadcast,Message 32 from Noob
2026-07-03 14:00:22,Noob,ALL,Broadcast,Message 33 from Noob
2026-07-03 14:00:22,Noob,ALL,Broadcast,Message 34 from Noob
2026-07-03 14:00:22,Noob,ALL,Broadcast,Message 35 from Noob
2026-07-03 14:00:22,Noob,ALL,Broadcast,Message 36 from Noob
2026-07-03 14:00:22,Noob,ALL,Broadcast,Message 37 from Noob
2026-07-03 14:00:22,Noob,ALL,Broadcast,Message 38 from Noob
2026-07-03 14:00:23,Noob,ALL,Broadcast,Message 39 from Noob
2026-07-03 14:00:23,Noob,ALL,Broadcast,Message 40 from Noob
2026-07-03 14:00:23,Noob,ALL,Broadcast,Message 41 from Noob
2026-07-03 14:00:23,Noob,ALL,Broadcast,Message 42 from Noob
2026-07-03 14:00:23,Noob,ALL,Broadcast,Message 43 from Noob
2026-07-03 14:00:23,Noob,ALL,Broadcast,Message 44 from Noob
2026-07-03 14:00:23,Noob,ALL,Broadcast,Message 45 from Noob
2026-07-03 14:00:23,Noob,ALL,Broadcast,Message 46 from Noob
2026-07-03 14:00:23,Noob,ALL,Broadcast,Message 47 from Noob
2026-07-03 14:00:23,Noob,ALL,Broadcast,Message 48 from Noob
2026-07-03 14:00:24,Noob,ALL,Broadcast,Message 49 from Noob
2026-07-03 14:00:24,Noob,ALL,Broadcast,Message 50 from Noob
2026-07-03 14:00:27,Sadhak,ALL,Broadcast,Message 1 from Sadhak
2026-07-03 14:00:27,Sadhak,ALL,Broadcast,Message 2 from Sadhak
2026-07-03 14:00:27,Sadhak,ALL,Broadcast,Message 3 from Sadhak
2026-07-03 14:00:27,Sadhak,ALL,Broadcast,Message 4 from Sadhak
2026-07-03 14:00:28,Sadhak,ALL,Broadcast,Message 5 from Sadhak
2026-07-03 14:00:28,Sadhak,ALL,Broadcast,Message 6 from Sadhak
2026-07-03 14:00:28,Sadhak,ALL,Broadcast,Message 7 from Sadhak
2026-07-03 14:00:28,Sadhak,ALL,Broadcast,Message 8 from Sadhak
2026-07-03 14:00:28,Sadhak,ALL,Broadcast,Message 9 from Sadhak
2026-07-03 14:00:28,Sadhak,ALL,Broadcast,Message 10 from Sadhak
2026-07-03 14:00:28,Sadhak,ALL,Broadcast,Message 11 from Sadhak
2026-07-03 14:00:28,Sadhak,ALL,Broadcast,Message 12 from Sadhak
2026-07-03 14:00:28,Sadhak,ALL,Broadcast,Message 13 from Sadhak
2026-07-03 14:00:29,Sadhak,ALL,Broadcast,Message 14 from Sadhak
2026-07-03 14:00:29,Sadhak,ALL,Broadcast,Message 15 from Sadhak
2026-07-03 14:00:29,Sadhak,ALL,Broadcast,Message 16 from Sadhak
2026-07-03 14:00:29,Sadhak,ALL,Broadcast,Message 17 from Sadhak
2026-07-03 14:00:29,Sadhak,ALL,Broadcast,Message 18 from Sadhak
2026-07-03 14:00:29,Sadhak,ALL,Broadcast,Message 19 from Sadhak
2026-07-03 14:00:29,Sadhak,ALL,Broadcast,Message 20 from Sadhak
2026-07-03 14:00:29,Sadhak,ALL,Broadcast,Message 21 from Sadhak
2026-07-03 14:00:29,Sadhak,ALL,Broadcast,Message 22 from Sadhak
2026-07-03 14:00:29,Sadhak,ALL,Broadcast,Message 23 from Sadhak
2026-07-03 14:00:30,Sadhak,ALL,Broadcast,Message 24 from Sadhak
2026-07-03 14:00:30,Sadhak,ALL,Broadcast,Message 25 from Sadhak
2026-07-03 14:00:30,Sadhak,ALL,Broadcast,Message 26 from Sadhak
2026-07-03 14:00:30,Sadhak,ALL,Broadcast,Message 27 from Sadhak
2026-07-03 14:00:30,Sadhak,ALL,Broadcast,Message 28 from Sadhak
2026-07-03 14:00:30,Sadhak,ALL,Broadcast,Message 29 from Sadhak
2026-07-03 14:00:30,Sadhak,ALL,Broadcast,Message 30 from Sadhak
2026-07-03 14:00:30,Sadhak,ALL,Broadcast,Message 31 from Sadhak
2026-07-03 14:00:30,Sadhak,ALL,Broadcast,Message 32 from Sadhak
2026-07-03 14:00:30,Sadhak,ALL,Broadcast,Message 33 from Sadhak
2026-07-03 14:00:31,Sadhak,ALL,Broadcast,Message 34 from Sadhak
2026-07-03 14:00:31,Sadhak,ALL,Broadcast,Message 35 from Sadhak
2026-07-03 14:00:31,Sadhak,ALL,Broadcast,Message 36 from Sadhak
2026-07-03 14:00:31,Sadhak,ALL,Broadcast,Message 37 from Sadhak
2026-07-03 14:00:31,Sadhak,ALL,Broadcast,Message 38 from Sadhak
2026-07-03 14:00:31,Sadhak,ALL,Broadcast,Message 39 from Sadhak
2026-07-03 14:00:31,Sadhak,ALL,Broadcast,Message 40 from Sadhak
2026-07-03 14:00:31,Sadhak,ALL,Broadcast,Message 41 from Sadhak
2026-07-03 14:00:31,Sadhak,ALL,Broadcast,Message 42 from Sadhak
2026-07-03 14:00:31,Sadhak,ALL,Broadcast,Message 43 from Sadhak
2026-07-03 14:00:32,Sadhak,ALL,Broadcast,Message 44 from Sadhak
2026-07-03 14:00:32,Sadhak,ALL,Broadcast,Message 45 from Sadhak
2026-07-03 14:00:32,Sadhak,ALL,Broadcast,Message 46 from Sadhak
2026-07-03 14:00:32,Sadhak,ALL,Broadcast,Message 47 from Sadhak
2026-07-03 14:00:32,Sadhak,ALL,Broadcast,Message 48 from Sadhak
2026-07-03 14:00:32,Sadhak,ALL,Broadcast,Message 49 from Sadhak
2026-07-03 14:00:32,Sadhak,ALL,Broadcast,Message 50 from Sadhak
2026-07-03 14:14:10,Sadhak,Alice,Private,Hey Alice bro !!
2026-07-03 14:17:37,Hacker,ALL,Broadcast,hey everyone
2026-07-03 14:17:45,Noob,ALL,Broadcast,yo bro wassup
2026-07-03 14:17:58,Sadhak,ALL,Broadcast,time to level up in valorant !!!
2026-07-03 14:18:07,Alice,ALL,Broadcast,hell yeahh!!!
2026-07-03 14:19:36,Sadhak,Alice,Private,bro do you know what is happening with our server
2026-07-03 16:54:11,Hacker,ALL,Broadcast,Message 1 from Hacker
2026-07-03 16:54:11,Hacker,ALL,Broadcast,Message 2 from Hacker
2026-07-03 16:54:12,Hacker,ALL,Broadcast,Message 3 from Hacker
2026-07-03 16:54:12,Hacker,ALL,Broadcast,Message 4 from Hacker
2026-07-03 16:54:12,Hacker,ALL,Broadcast,Message 5 from Hacker
2026-07-03 16:54:12,Hacker,ALL,Broadcast,Message 6 from Hacker
2026-07-03 16:54:12,Hacker,ALL,Broadcast,Message 7 from Hacker
2026-07-03 16:54:12,Hacker,ALL,Broadcast,Message 8 from Hacker
2026-07-03 16:54:12,Hacker,ALL,Broadcast,Message 9 from Hacker
2026-07-03 16:54:12,Hacker,ALL,Broadcast,Message 10 from Hacker
2026-07-03 16:54:12,Hacker,ALL,Broadcast,Message 11 from Hacker
2026-07-03 16:54:12,Hacker,ALL,Broadcast,Message 12 from Hacker
2026-07-03 16:54:13,Hacker,ALL,Broadcast,Message 13 from Hacker
2026-07-03 16:54:13,Hacker,ALL,Broadcast,Message 14 from Hacker
2026-07-03 16:54:13,Hacker,ALL,Broadcast,Message 15 from Hacker
2026-07-03 16:54:13,Hacker,ALL,Broadcast,Message 16 from Hacker
2026-07-03 16:54:13,Hacker,ALL,Broadcast,Message 17 from Hacker
2026-07-03 16:54:13,Hacker,ALL,Broadcast,Message 18 from Hacker
2026-07-03 16:54:13,Hacker,ALL,Broadcast,Message 19 from Hacker
2026-07-03 16:54:13,Hacker,ALL,Broadcast,Message 20 from Hacker
2026-07-03 16:54:13,Hacker,ALL,Broadcast,Message 21 from Hacker
2026-07-03 16:54:13,Hacker,ALL,Broadcast,Message 22 from Hacker
2026-07-03 16:54:14,Hacker,ALL,Broadcast,Message 23 from Hacker
2026-07-03 16:54:14,Hacker,ALL,Broadcast,Message 24 from Hacker
2026-07-03 16:54:14,Hacker,ALL,Broadcast,Message 25 from Hacker
2026-07-03 16:54:14,Hacker,ALL,Broadcast,Message 26 from Hacker
2026-07-03 16:54:14,Hacker,ALL,Broadcast,Message 27 from Hacker
2026-07-03 16:54:14,Hacker,ALL,Broadcast,Message 28 from Hacker
2026-07-03 16:54:14,Hacker,ALL,Broadcast,Message 29 from Hacker
2026-07-03 16:54:14,Hacker,ALL,Broadcast,Message 30 from Hacker
2026-07-03 16:54:14,Hacker,ALL,Broadcast,Message 31 from Hacker
2026-07-03 16:54:14,Hacker,ALL,Broadcast,Message 32 from Hacker
2026-07-03 16:54:15,Hacker,ALL,Broadcast,Message 33 from Hacker
2026-07-03 16:54:15,Hacker,ALL,Broadcast,Message 34 from Hacker
2026-07-03 16:54:15,Hacker,ALL,Broadcast,Message 35 from Hacker
2026-07-03 16:54:15,Hacker,ALL,Broadcast,Message 36 from Hacker
2026-07-03 16:54:15,Hacker,ALL,Broadcast,Message 37 from Hacker
2026-07-03 16:54:15,Hacker,ALL,Broadcast,Message 38 from Hacker
2026-07-03 16:54:15,Hacker,ALL,Broadcast,Message 39 from Hacker
2026-07-03 16:54:15,Hacker,ALL,Broadcast,Message 40 from Hacker
2026-07-03 16:54:15,Hacker,ALL,Broadcast,Message 41 from Hacker
2026-07-03 16:54:15,Hacker,ALL,Broadcast,Message 42 from Hacker
2026-07-03 16:54:16,Hacker,ALL,Broadcast,Message 43 from Hacker
2026-07-03 16:54:16,Hacker,ALL,Broadcast,Message 44 from Hacker
2026-07-03 16:54:16,Hacker,ALL,Broadcast,Message 45 from Hacker
2026-07-03 16:54:16,Hacker,ALL,Broadcast,Message 46 from Hacker
2026-07-03 16:54:16,Hacker,ALL,Broadcast,Message 47 from Hacker
2026-07-03 16:54:16,Hacker,ALL,Broadcast,Message 48 from Hacker
2026-07-03 16:54:16,Hacker,ALL,Broadcast,Message 49 from Hacker
2026-07-03 16:54:16,Hacker,ALL,Broadcast,Message 50 from Hacker
2026-07-03 16:54:21,Alice,ALL,Broadcast,Message 1 from Alice
2026-07-03 16:54:21,Alice,ALL,Broadcast,Message 2 from Alice
2026-07-03 16:54:21,Alice,ALL,Broadcast,Message 3 from Alice
2026-07-03 16:54:21,Alice,ALL,Broadcast,Message 4 from Alice
2026-07-03 16:54:21,Alice,ALL,Broadcast,Message 5 from Alice
2026-07-03 16:54:21,Alice,ALL,Broadcast,Message 6 from Alice
2026-07-03 16:54:21,Alice,ALL,Broadcast,Message 7 from Alice
2026-07-03 16:54:21,Alice,ALL,Broadcast,Message 8 from Alice
2026-07-03 16:54:21,Alice,ALL,Broadcast,Message 9 from Alice
2026-07-03 16:54:22,Alice,ALL,Broadcast,Message 10 from Alice
2026-07-03 16:54:22,Alice,ALL,Broadcast,Message 11 from Alice
2026-07-03 16:54:22,Alice,ALL,Broadcast,Message 12 from Alice
2026-07-03 16:54:22,Alice,ALL,Broadcast,Message 13 from Alice
2026-07-03 16:54:22,Alice,ALL,Broadcast,Message 14 from Alice
2026-07-03 16:54:22,Alice,ALL,Broadcast,Message 15 from Alice
2026-07-03 16:54:22,Alice,ALL,Broadcast,Message 16 from Alice
2026-07-03 16:54:22,Alice,ALL,Broadcast,Message 17 from Alice
2026-07-03 16:54:22,Alice,ALL,Broadcast,Message 18 from Alice
2026-07-03 16:54:22,Alice,ALL,Broadcast,Message 19 from Alice
2026-07-03 16:54:23,Alice,ALL,Broadcast,Message 20 from Alice
2026-07-03 16:54:23,Alice,ALL,Broadcast,Message 21 from Alice
2026-07-03 16:54:23,Alice,ALL,Broadcast,Message 22 from Alice
2026-07-03 16:54:23,Alice,ALL,Broadcast,Message 23 from Alice
2026-07-03 16:54:23,Alice,ALL,Broadcast,Message 24 from Alice
2026-07-03 16:54:23,Alice,ALL,Broadcast,Message 25 from Alice
2026-07-03 16:54:23,Alice,ALL,Broadcast,Message 26 from Alice
2026-07-03 16:54:23,Alice,ALL,Broadcast,Message 27 from Alice
2026-07-03 16:54:23,Alice,ALL,Broadcast,Message 28 from Alice
2026-07-03 16:54:23,Alice,ALL,Broadcast,Message 29 from Alice
2026-07-03 16:54:24,Alice,ALL,Broadcast,Message 30 from Alice
2026-07-03 16:54:24,Alice,ALL,Broadcast,Message 31 from Alice
2026-07-03 16:54:24,Alice,ALL,Broadcast,Message 32 from Alice
2026-07-03 16:54:24,Alice,ALL,Broadcast,Message 33 from Alice
2026-07-03 16:54:24,Alice,ALL,Broadcast,Message 34 from Alice
2026-07-03 16:54:24,Alice,ALL,Broadcast,Message 35 from Alice
2026-07-03 16:54:24,Alice,ALL,Broadcast,Message 36 from Alice
2026-07-03 16:54:24,Alice,ALL,Broadcast,Message 37 from Alice
2026-07-03 16:54:24,Alice,ALL,Broadcast,Message 38 from Alice
2026-07-03 16:54:24,Alice,ALL,Broadcast,Message 39 from Alice
2026-07-03 16:54:25,Alice,ALL,Broadcast,Message 40 from Alice
2026-07-03 16:54:25,Alice,ALL,Broadcast,Message 41 from Alice
2026-07-03 16:54:25,Alice,ALL,Broadcast,Message 42 from Alice
2026-07-03 16:54:25,Alice,ALL,Broadcast,Message 43 from Alice
2026-07-03 16:54:25,Alice,ALL,Broadcast,Message 44 from Alice
2026-07-03 16:54:25,Alice,ALL,Broadcast,Message 45 from Alice
2026-07-03 16:54:25,Alice,ALL,Broadcast,Message 46 from Alice
2026-07-03 16:54:25,Alice,ALL,Broadcast,Message 47 from Alice
2026-07-03 16:54:25,Alice,ALL,Broadcast,Message 48 from Alice
2026-07-03 16:54:25,Alice,ALL,Broadcast,Message 49 from Alice
2026-07-03 16:54:26,Alice,ALL,Broadcast,Message 50 from Alice
2026-07-03 16:56:18,Noob,ALL,Broadcast,Message 1 from Noob
2026-07-03 16:56:18,Noob,ALL,Broadcast,Message 2 from Noob
2026-07-03 16:56:18,Noob,ALL,Broadcast,Message 3 from Noob
2026-07-03 16:56:18,Noob,ALL,Broadcast,Message 4 from Noob
2026-07-03 16:56:18,Noob,ALL,Broadcast,Message 5 from Noob
2026-07-03 16:56:18,Noob,ALL,Broadcast,Message 6 from Noob
2026-07-03 16:56:18,Noob,ALL,Broadcast,Message 7 from Noob
2026-07-03 16:56:18,Noob,ALL,Broadcast,Message 8 from Noob
2026-07-03 16:56:19,Noob,ALL,Broadcast,Message 9 from Noob
2026-07-03 16:56:19,Noob,ALL,Broadcast,Message 10 from Noob
2026-07-03 16:56:19,Noob,ALL,Broadcast,Message 11 from Noob
2026-07-03 16:56:19,Noob,ALL,Broadcast,Message 12 from Noob
2026-07-03 16:56:19,Noob,ALL,Broadcast,Message 13 from Noob
2026-07-03 16:56:19,Noob,ALL,Broadcast,Message 14 from Noob
2026-07-03 16:56:19,Noob,ALL,Broadcast,Message 15 from Noob
2026-07-03 16:56:19,Noob,ALL,Broadcast,Message 16 from Noob
2026-07-03 16:56:19,Noob,ALL,Broadcast,Message 17 from Noob
2026-07-03 16:56:19,Noob,ALL,Broadcast,Message 18 from Noob
2026-07-03 16:56:20,Noob,ALL,Broadcast,Message 19 from Noob
2026-07-03 16:56:20,Noob,ALL,Broadcast,Message 20 from Noob
2026-07-03 16:56:20,Noob,ALL,Broadcast,Message 21 from Noob
2026-07-03 16:56:20,Noob,ALL,Broadcast,Message 22 from Noob
2026-07-03 16:56:20,Noob,ALL,Broadcast,Message 23 from Noob
2026-07-03 16:56:20,Noob,ALL,Broadcast,Message 24 from Noob
2026-07-03 16:56:20,Noob,ALL,Broadcast,Message 25 from Noob
2026-07-03 16:56:20,Noob,ALL,Broadcast,Message 26 from Noob
2026-07-03 16:56:20,Noob,ALL,Broadcast,Message 27 from Noob
2026-07-03 16:56:20,Noob,ALL,Broadcast,Message 28 from Noob
2026-07-03 16:56:21,Noob,ALL,Broadcast,Message 29 from Noob
2026-07-03 16:56:21,Noob,ALL,Broadcast,Message 30 from Noob
2026-07-03 16:56:21,Noob,ALL,Broadcast,Message 31 from Noob
2026-07-03 16:56:21,Noob,ALL,Broadcast,Message 32 from Noob
2026-07-03 16:56:21,Noob,ALL,Broadcast,Message 33 from Noob
2026-07-03 16:56:21,Noob,ALL,Broadcast,Message 34 from Noob
2026-07-03 16:56:21,Noob,ALL,Broadcast,Message 35 from Noob
2026-07-03 16:56:21,Noob,ALL,Broadcast,Message 36 from Noob
2026-07-03 16:56:21,Noob,ALL,Broadcast,Message 37 from Noob
2026-07-03 16:56:21,Noob,ALL,Broadcast,Message 38 from Noob
2026-07-03 16:56:22,Noob,ALL,Broadcast,Message 39 from Noob
2026-07-03 16:56:22,Noob,ALL,Broadcast,Message 40 from Noob
2026-07-03 16:56:22,Noob,ALL,Broadcast,Message 41 from Noob
2026-07-03 16:56:22,Noob,ALL,Broadcast,Message 42 from Noob
2026-07-03 16:56:22,Noob,ALL,Broadcast,Message 43 from Noob
2026-07-03 16:56:22,Noob,ALL,Broadcast,Message 44 from Noob
2026-07-03 16:56:22,Noob,ALL,Broadcast,Message 45 from Noob
2026-07-03 16:56:22,Noob,ALL,Broadcast,Message 46 from Noob
2026-07-03 16:56:22,Noob,ALL,Broadcast,Message 47 from Noob
2026-07-03 16:56:22,Noob,ALL,Broadcast,Message 48 from Noob
2026-07-03 16:56:23,Noob,ALL,Broadcast,Message 49 from Noob
2026-07-03 16:56:23,Noob,ALL,Broadcast,Message 50 from Noob
2026-07-03 16:56:29,Alice,ALL,Broadcast,Message 1 from Alice
2026-07-03 16:56:29,Alice,ALL,Broadcast,Message 2 from Alice
2026-07-03 16:56:29,Alice,ALL,Broadcast,Message 3 from Alice
2026-07-03 16:56:29,Alice,ALL,Broadcast,Message 4 from Alice
2026-07-03 16:56:29,Alice,ALL,Broadcast,Message 5 from Alice
2026-07-03 16:56:29,Alice,ALL,Broadcast,Message 6 from Alice
2026-07-03 16:56:29,Alice,ALL,Broadcast,Message 7 from Alice
2026-07-03 16:56:30,Alice,ALL,Broadcast,Message 8 from Alice
2026-07-03 16:56:30,Alice,ALL,Broadcast,Message 9 from Alice
2026-07-03 16:56:30,Alice,ALL,Broadcast,Message 10 from Alice
2026-07-03 16:56:30,Alice,ALL,Broadcast,Message 11 from Alice
2026-07-03 16:56:30,Alice,ALL,Broadcast,Message 12 from Alice
2026-07-03 16:56:30,Alice,ALL,Broadcast,Message 13 from Alice
2026-07-03 16:56:30,Alice,ALL,Broadcast,Message 14 from Alice
2026-07-03 16:56:30,Alice,ALL,Broadcast,Message 15 from Alice
2026-07-03 16:56:30,Alice,ALL,Broadcast,Message 16 from Alice
2026-07-03 16:56:30,Alice,ALL,Broadcast,Message 17 from Alice
2026-07-03 16:56:31,Alice,ALL,Broadcast,Message 18 from Alice
2026-07-03 16:56:31,Alice,ALL,Broadcast,Message 19 from Alice
2026-07-03 16:56:31,Alice,ALL,Broadcast,Message 20 from Alice
2026-07-03 16:56:31,Alice,ALL,Broadcast,Message 21 from Alice
2026-07-03 16:56:31,Alice,ALL,Broadcast,Message 22 from Alice
2026-07-03 16:56:31,Alice,ALL,Broadcast,Message 23 from Alice
2026-07-03 16:56:31,Alice,ALL,Broadcast,Message 24 from Alice
2026-07-03 16:56:31,Alice,ALL,Broadcast,Message 25 from Alice
2026-07-03 16:56:31,Alice,ALL,Broadcast,Message 26 from Alice
2026-07-03 16:56:31,Alice,ALL,Broadcast,Message 27 from Alice
2026-07-03 16:56:32,Alice,ALL,Broadcast,Message 28 from Alice
2026-07-03 16:56:32,Alice,ALL,Broadcast,Message 29 from Alice
2026-07-03 16:56:32,Alice,ALL,Broadcast,Message 30 from Alice
2026-07-03 16:56:32,Alice,ALL,Broadcast,Message 31 from Alice
2026-07-03 16:56:32,Alice,ALL,Broadcast,Message 32 from Alice
2026-07-03 16:56:32,Alice,ALL,Broadcast,Message 33 from Alice
2026-07-03 16:56:32,Alice,ALL,Broadcast,Message 34 from Alice
2026-07-03 16:56:32,Alice,ALL,Broadcast,Message 35 from Alice
2026-07-03 16:56:32,Alice,ALL,Broadcast,Message 36 from Alice
2026-07-03 16:56:32,Alice,ALL,Broadcast,Message 37 from Alice
2026-07-03 16:56:33,Alice,ALL,Broadcast,Message 38 from Alice
2026-07-03 16:56:33,Alice,ALL,Broadcast,Message 39 from Alice
2026-07-03 16:56:33,Alice,ALL,Broadcast,Message 40 from Alice
2026-07-03 16:56:33,Alice,ALL,Broadcast,Message 41 from Alice
2026-07-03 16:56:33,Alice,ALL,Broadcast,Message 42 from Alice
2026-07-03 16:56:33,Alice,ALL,Broadcast,Message 43 from Alice
2026-07-03 16:56:33,Alice,ALL,Broadcast,Message 44 from Alice
2026-07-03 16:56:33,Alice,ALL,Broadcast,Message 45 from Alice
2026-07-03 16:56:33,Alice,ALL,Broadcast,Message 46 from Alice
2026-07-03 16:56:33,Alice,ALL,Broadcast,Message 47 from Alice
2026-07-03 16:56:34,Alice,ALL,Broadcast,Message 48 from Alice
2026-07-03 16:56:34,Alice,ALL,Broadcast,Message 49 from Alice
2026-07-03 16:56:34,Alice,ALL,Broadcast,Message 50 from Alice
2026-07-03 16:56:37,Hacker,ALL,Broadcast,Message 1 from Hacker
2026-07-03 16:56:37,Hacker,ALL,Broadcast,Message 2 from Hacker
2026-07-03 16:56:37,Hacker,ALL,Broadcast,Message 3 from Hacker
2026-07-03 16:56:37,Hacker,ALL,Broadcast,Message 4 from Hacker
2026-07-03 16:56:37,Hacker,ALL,Broadcast,Message 5 from Hacker
2026-07-03 16:56:37,Hacker,ALL,Broadcast,Message 6 from Hacker
2026-07-03 16:56:38,Hacker,ALL,Broadcast,Message 7 from Hacker
2026-07-03 16:56:38,Hacker,ALL,Broadcast,Message 8 from Hacker
2026-07-03 16:56:38,Hacker,ALL,Broadcast,Message 9 from Hacker
2026-07-03 16:56:38,Hacker,ALL,Broadcast,Message 10 from Hacker
2026-07-03 16:56:38,Hacker,ALL,Broadcast,Message 11 from Hacker
2026-07-03 16:56:38,Hacker,ALL,Broadcast,Message 12 from Hacker
2026-07-03 16:56:38,Hacker,ALL,Broadcast,Message 13 from Hacker
2026-07-03 16:56:38,Hacker,ALL,Broadcast,Message 14 from Hacker
2026-07-03 16:56:38,Hacker,ALL,Broadcast,Message 15 from Hacker
2026-07-03 16:56:38,Hacker,ALL,Broadcast,Message 16 from Hacker
2026-07-03 16:56:39,Hacker,ALL,Broadcast,Message 17 from Hacker
2026-07-03 16:56:39,Hacker,ALL,Broadcast,Message 18 from Hacker
2026-07-03 16:56:39,Hacker,ALL,Broadcast,Message 19 from Hacker
2026-07-03 16:56:39,Hacker,ALL,Broadcast,Message 20 from Hacker
2026-07-03 16:56:39,Hacker,ALL,Broadcast,Message 21 from Hacker
2026-07-03 16:56:39,Hacker,ALL,Broadcast,Message 22 from Hacker
2026-07-03 16:56:39,Hacker,ALL,Broadcast,Message 23 from Hacker
2026-07-03 16:56:39,Hacker,ALL,Broadcast,Message 24 from Hacker
2026-07-03 16:56:39,Hacker,ALL,Broadcast,Message 25 from Hacker
2026-07-03 16:56:39,Hacker,ALL,Broadcast,Message 26 from Hacker
2026-07-03 16:56:40,Hacker,ALL,Broadcast,Message 27 from Hacker
2026-07-03 16:56:40,Hacker,ALL,Broadcast,Message 28 from Hacker
2026-07-03 16:56:40,Hacker,ALL,Broadcast,Message 29 from Hacker
2026-07-03 16:56:40,Hacker,ALL,Broadcast,Message 30 from Hacker
2026-07-03 16:56:40,Hacker,ALL,Broadcast,Message 31 from Hacker
2026-07-03 16:56:40,Hacker,ALL,Broadcast,Message 32 from Hacker
2026-07-03 16:56:40,Hacker,ALL,Broadcast,Message 33 from Hacker
2026-07-03 16:56:40,Hacker,ALL,Broadcast,Message 34 from Hacker
2026-07-03 16:56:40,Hacker,ALL,Broadcast,Message 35 from Hacker
2026-07-03 16:56:40,Hacker,ALL,Broadcast,Message 36 from Hacker
2026-07-03 16:56:41,Hacker,ALL,Broadcast,Message 37 from Hacker
2026-07-03 16:56:41,Hacker,ALL,Broadcast,Message 38 from Hacker
2026-07-03 16:56:41,Hacker,ALL,Broadcast,Message 39 from Hacker
2026-07-03 16:56:41,Hacker,ALL,Broadcast,Message 40 from Hacker
2026-07-03 16:56:41,Hacker,ALL,Broadcast,Message 41 from Hacker
2026-07-03 16:56:41,Hacker,ALL,Broadcast,Message 42 from Hacker
2026-07-03 16:56:41,Hacker,ALL,Broadcast,Message 43 from Hacker
2026-07-03 16:56:41,Hacker,ALL,Broadcast,Message 44 from Hacker
2026-07-03 16:56:41,Hacker,ALL,Broadcast,Message 45 from Hacker
2026-07-03 16:56:41,Hacker,ALL,Broadcast,Message 46 from Hacker
2026-07-03 16:56:42,Hacker,ALL,Broadcast,Message 47 from Hacker
2026-07-03 16:56:42,Hacker,ALL,Broadcast,Message 48 from Hacker
2026-07-03 16:56:42,Hacker,ALL,Broadcast,Message 49 from Hacker
2026-07-03 16:56:42,Hacker,ALL,Broadcast,Message 50 from Hacker
2026-07-03 16:58:29,Sadhak,ALL,Broadcast,//auto
2026-07-03 16:58:34,Hacker,ALL,Broadcast,Message 1 from Hacker
2026-07-03 16:58:34,Hacker,ALL,Broadcast,Message 2 from Hacker
2026-07-03 16:58:34,Hacker,ALL,Broadcast,Message 3 from Hacker
2026-07-03 16:58:35,Hacker,ALL,Broadcast,Message 4 from Hacker
2026-07-03 16:58:35,Hacker,ALL,Broadcast,Message 5 from Hacker
2026-07-03 16:58:35,Hacker,ALL,Broadcast,Message 6 from Hacker
2026-07-03 16:58:35,Hacker,ALL,Broadcast,Message 7 from Hacker
2026-07-03 16:58:35,Hacker,ALL,Broadcast,Message 8 from Hacker
2026-07-03 16:58:35,Hacker,ALL,Broadcast,Message 9 from Hacker
2026-07-03 16:58:35,Hacker,ALL,Broadcast,Message 10 from Hacker
2026-07-03 16:58:35,Hacker,ALL,Broadcast,Message 11 from Hacker
2026-07-03 16:58:35,Hacker,ALL,Broadcast,Message 12 from Hacker
2026-07-03 16:58:35,Hacker,ALL,Broadcast,Message 13 from Hacker
2026-07-03 16:58:36,Hacker,ALL,Broadcast,Message 14 from Hacker
2026-07-03 16:58:36,Hacker,ALL,Broadcast,Message 15 from Hacker
2026-07-03 16:58:36,Hacker,ALL,Broadcast,Message 16 from Hacker
2026-07-03 16:58:36,Hacker,ALL,Broadcast,Message 17 from Hacker
2026-07-03 16:58:36,Hacker,ALL,Broadcast,Message 18 from Hacker
2026-07-03 16:58:36,Hacker,ALL,Broadcast,Message 19 from Hacker
2026-07-03 16:58:36,Hacker,ALL,Broadcast,Message 20 from Hacker
2026-07-03 16:58:36,Hacker,ALL,Broadcast,Message 21 from Hacker
2026-07-03 16:58:36,Hacker,ALL,Broadcast,Message 22 from Hacker
2026-07-03 16:58:36,Hacker,ALL,Broadcast,Message 23 from Hacker
2026-07-03 16:58:37,Hacker,ALL,Broadcast,Message 24 from Hacker
2026-07-03 16:58:37,Hacker,ALL,Broadcast,Message 25 from Hacker
2026-07-03 16:58:37,Hacker,ALL,Broadcast,Message 26 from Hacker
2026-07-03 16:58:37,Hacker,ALL,Broadcast,Message 27 from Hacker
2026-07-03 16:58:37,Hacker,ALL,Broadcast,Message 28 from Hacker
2026-07-03 16:58:37,Hacker,ALL,Broadcast,Message 29 from Hacker
2026-07-03 16:58:37,Hacker,ALL,Broadcast,Message 30 from Hacker
2026-07-03 16:58:37,Hacker,ALL,Broadcast,Message 31 from Hacker
2026-07-03 16:58:37,Hacker,ALL,Broadcast,Message 32 from Hacker
2026-07-03 16:58:38,Hacker,ALL,Broadcast,Message 33 from Hacker
2026-07-03 16:58:38,Hacker,ALL,Broadcast,Message 34 from Hacker
2026-07-03 16:58:38,Hacker,ALL,Broadcast,Message 35 from Hacker
2026-07-03 16:58:38,Hacker,ALL,Broadcast,Message 36 from Hacker
2026-07-03 16:58:38,Hacker,ALL,Broadcast,Message 37 from Hacker
2026-07-03 16:58:38,Hacker,ALL,Broadcast,Message 38 from Hacker
2026-07-03 16:58:38,Hacker,ALL,Broadcast,Message 39 from Hacker
2026-07-03 16:58:38,Hacker,ALL,Broadcast,Message 40 from Hacker
2026-07-03 16:58:38,Hacker,ALL,Broadcast,Message 41 from Hacker
2026-07-03 16:58:38,Hacker,ALL,Broadcast,Message 42 from Hacker
2026-07-03 16:58:39,Hacker,ALL,Broadcast,Message 43 from Hacker
2026-07-03 16:58:39,Hacker,ALL,Broadcast,Message 44 from Hacker
2026-07-03 16:58:39,Hacker,ALL,Broadcast,Message 45 from Hacker
2026-07-03 16:58:39,Hacker,ALL,Broadcast,Message 46 from Hacker
2026-07-03 16:58:39,Hacker,ALL,Broadcast,Message 47 from Hacker
2026-07-03 16:58:39,Hacker,ALL,Broadcast,Message 48 from Hacker
2026-07-03 16:58:39,Hacker,ALL,Broadcast,Message 49 from Hacker
2026-07-03 16:58:39,Hacker,ALL,Broadcast,Message 50 from Hacker
2026-07-03 16:58:43,Alice,ALL,Broadcast,Message 1 from Alice
2026-07-03 16:58:43,Alice,ALL,Broadcast,Message 2 from Alice
2026-07-03 16:58:43,Alice,ALL,Broadcast,Message 3 from Alice
2026-07-03 16:58:43,Alice,ALL,Broadcast,Message 4 from Alice
2026-07-03 16:58:44,Alice,ALL,Broadcast,Message 5 from Alice
2026-07-03 16:58:44,Alice,ALL,Broadcast,Message 6 from Alice
2026-07-03 16:58:44,Alice,ALL,Broadcast,Message 7 from Alice
2026-07-03 16:58:44,Alice,ALL,Broadcast,Message 8 from Alice
2026-07-03 16:58:44,Alice,ALL,Broadcast,Message 9 from Alice
2026-07-03 16:58:44,Alice,ALL,Broadcast,Message 10 from Alice
2026-07-03 16:58:44,Alice,ALL,Broadcast,Message 11 from Alice
2026-07-03 16:58:44,Alice,ALL,Broadcast,Message 12 from Alice
2026-07-03 16:58:44,Alice,ALL,Broadcast,Message 13 from Alice
2026-07-03 16:58:44,Alice,ALL,Broadcast,Message 14 from Alice
2026-07-03 16:58:45,Alice,ALL,Broadcast,Message 15 from Alice
2026-07-03 16:58:45,Alice,ALL,Broadcast,Message 16 from Alice
2026-07-03 16:58:45,Alice,ALL,Broadcast,Message 17 from Alice
2026-07-03 16:58:45,Alice,ALL,Broadcast,Message 18 from Alice
2026-07-03 16:58:45,Alice,ALL,Broadcast,Message 19 from Alice
2026-07-03 16:58:45,Alice,ALL,Broadcast,Message 20 from Alice
2026-07-03 16:58:45,Alice,ALL,Broadcast,Message 21 from Alice
2026-07-03 16:58:45,Alice,ALL,Broadcast,Message 22 from Alice
2026-07-03 16:58:45,Alice,ALL,Broadcast,Message 23 from Alice
2026-07-03 16:58:45,Alice,ALL,Broadcast,Message 24 from Alice
2026-07-03 16:58:46,Alice,ALL,Broadcast,Message 25 from Alice
2026-07-03 16:58:46,Alice,ALL,Broadcast,Message 26 from Alice
2026-07-03 16:58:46,Alice,ALL,Broadcast,Message 27 from Alice
2026-07-03 16:58:46,Alice,ALL,Broadcast,Message 28 from Alice
2026-07-03 16:58:46,Alice,ALL,Broadcast,Message 29 from Alice
2026-07-03 16:58:46,Alice,ALL,Broadcast,Message 30 from Alice
2026-07-03 16:58:46,Alice,ALL,Broadcast,Message 31 from Alice
2026-07-03 16:58:46,Alice,ALL,Broadcast,Message 32 from Alice
2026-07-03 16:58:46,Alice,ALL,Broadcast,Message 33 from Alice
2026-07-03 16:58:46,Alice,ALL,Broadcast,Message 34 from Alice
2026-07-03 16:58:47,Alice,ALL,Broadcast,Message 35 from Alice
2026-07-03 16:58:47,Alice,ALL,Broadcast,Message 36 from Alice
2026-07-03 16:58:47,Alice,ALL,Broadcast,Message 37 from Alice
2026-07-03 16:58:47,Alice,ALL,Broadcast,Message 38 from Alice
2026-07-03 16:58:47,Alice,ALL,Broadcast,Message 39 from Alice
2026-07-03 16:58:47,Alice,ALL,Broadcast,Message 40 from Alice
2026-07-03 16:58:47,Alice,ALL,Broadcast,Message 41 from Alice
2026-07-03 16:58:47,Alice,ALL,Broadcast,Message 42 from Alice
2026-07-03 16:58:47,Alice,ALL,Broadcast,Message 43 from Alice
2026-07-03 16:58:47,Alice,ALL,Broadcast,Message 44 from Alice
2026-07-03 16:58:48,Alice,ALL,Broadcast,Message 45 from Alice
2026-07-03 16:58:48,Alice,ALL,Broadcast,Message 46 from Alice
2026-07-03 16:58:48,Alice,ALL,Broadcast,Message 47 from Alice
2026-07-03 16:58:48,Alice,ALL,Broadcast,Message 48 from Alice
2026-07-03 16:58:48,Alice,ALL,Broadcast,Message 49 from Alice
2026-07-03 16:58:48,Alice,ALL,Broadcast,Message 50 from Alice
2026-07-03 16:58:52,Noob,ALL,Broadcast,Message 1 from Noob
2026-07-03 16:58:52,Noob,ALL,Broadcast,Message 2 from Noob
2026-07-03 16:58:52,Noob,ALL,Broadcast,Message 3 from Noob
2026-07-03 16:58:52,Noob,ALL,Broadcast,Message 4 from Noob
2026-07-03 16:58:53,Noob,ALL,Broadcast,Message 5 from Noob
2026-07-03 16:58:53,Noob,ALL,Broadcast,Message 6 from Noob
2026-07-03 16:58:53,Noob,ALL,Broadcast,Message 7 from Noob
2026-07-03 16:58:53,Noob,ALL,Broadcast,Message 8 from Noob
2026-07-03 16:58:53,Noob,ALL,Broadcast,Message 9 from Noob
2026-07-03 16:58:53,Noob,ALL,Broadcast,Message 10 from Noob
2026-07-03 16:58:53,Noob,ALL,Broadcast,Message 11 from Noob
2026-07-03 16:58:53,Noob,ALL,Broadcast,Message 12 from Noob
2026-07-03 16:58:53,Noob,ALL,Broadcast,Message 13 from Noob
2026-07-03 16:58:53,Noob,ALL,Broadcast,Message 14 from Noob
2026-07-03 16:58:54,Noob,ALL,Broadcast,Message 15 from Noob
2026-07-03 16:58:54,Noob,ALL,Broadcast,Message 16 from Noob
2026-07-03 16:58:54,Noob,ALL,Broadcast,Message 17 from Noob
2026-07-03 16:58:54,Noob,ALL,Broadcast,Message 18 from Noob
2026-07-03 16:58:54,Noob,ALL,Broadcast,Message 19 from Noob
2026-07-03 16:58:54,Noob,ALL,Broadcast,Message 20 from Noob
2026-07-03 16:58:54,Noob,ALL,Broadcast,Message 21 from Noob
2026-07-03 16:58:54,Noob,ALL,Broadcast,Message 22 from Noob
2026-07-03 16:58:54,Noob,ALL,Broadcast,Message 23 from Noob
2026-07-03 16:58:54,Noob,ALL,Broadcast,Message 24 from Noob
2026-07-03 16:58:55,Noob,ALL,Broadcast,Message 25 from Noob
2026-07-03 16:58:55,Noob,ALL,Broadcast,Message 26 from Noob
2026-07-03 16:58:55,Noob,ALL,Broadcast,Message 27 from Noob
2026-07-03 16:58:55,Noob,ALL,Broadcast,Message 28 from Noob
2026-07-03 16:58:55,Noob,ALL,Broadcast,Message 29 from Noob
2026-07-03 16:58:55,Noob,ALL,Broadcast,Message 30 from Noob
2026-07-03 16:58:55,Noob,ALL,Broadcast,Message 31 from Noob
2026-07-03 16:58:55,Noob,ALL,Broadcast,Message 32 from Noob
2026-07-03 16:58:55,Noob,ALL,Broadcast,Message 33 from Noob
2026-07-03 16:58:55,Noob,ALL,Broadcast,Message 34 from Noob
2026-07-03 16:58:56,Noob,ALL,Broadcast,Message 35 from Noob
2026-07-03 16:58:56,Noob,ALL,Broadcast,Message 36 from Noob
2026-07-03 16:58:56,Noob,ALL,Broadcast,Message 37 from Noob
2026-07-03 16:58:56,Noob,ALL,Broadcast,Message 38 from Noob
2026-07-03 16:58:56,Noob,ALL,Broadcast,Message 39 from Noob
2026-07-03 16:58:56,Noob,ALL,Broadcast,Message 40 from Noob
2026-07-03 16:58:56,Noob,ALL,Broadcast,Message 41 from Noob
2026-07-03 16:58:56,Noob,ALL,Broadcast,Message 42 from Noob
2026-07-03 16:58:56,Noob,ALL,Broadcast,Message 43 from Noob
2026-07-03 16:58:56,Noob,ALL,Broadcast,Message 44 from Noob
2026-07-03 16:58:57,Noob,ALL,Broadcast,Message 45 from Noob
2026-07-03 16:58:57,Noob,ALL,Broadcast,Message 46 from Noob
2026-07-03 16:58:57,Noob,ALL,Broadcast,Message 47 from Noob
2026-07-03 16:58:57,Noob,ALL,Broadcast,Message 48 from Noob
2026-07-03 16:58:57,Noob,ALL,Broadcast,Message 49 from Noob
2026-07-03 16:58:57,Noob,ALL,Broadcast,Message 50 from Noob
2026-07-03 16:59:00,Sadhak,ALL,Broadcast,Message 1 from Sadhak
2026-07-03 16:59:00,Sadhak,ALL,Broadcast,Message 2 from Sadhak
2026-07-03 16:59:00,Sadhak,ALL,Broadcast,Message 3 from Sadhak
2026-07-03 16:59:00,Sadhak,ALL,Broadcast,Message 4 from Sadhak
2026-07-03 16:59:00,Sadhak,ALL,Broadcast,Message 5 from Sadhak
2026-07-03 16:59:00,Sadhak,ALL,Broadcast,Message 6 from Sadhak
2026-07-03 16:59:00,Sadhak,ALL,Broadcast,Message 7 from Sadhak
2026-07-03 16:59:01,Sadhak,ALL,Broadcast,Message 8 from Sadhak
2026-07-03 16:59:01,Sadhak,ALL,Broadcast,Message 9 from Sadhak
2026-07-03 16:59:01,Sadhak,ALL,Broadcast,Message 10 from Sadhak
2026-07-03 16:59:01,Sadhak,ALL,Broadcast,Message 11 from Sadhak
2026-07-03 16:59:01,Sadhak,ALL,Broadcast,Message 12 from Sadhak
2026-07-03 16:59:01,Sadhak,ALL,Broadcast,Message 13 from Sadhak
2026-07-03 16:59:01,Sadhak,ALL,Broadcast,Message 14 from Sadhak
2026-07-03 16:59:01,Sadhak,ALL,Broadcast,Message 15 from Sadhak
2026-07-03 16:59:01,Sadhak,ALL,Broadcast,Message 16 from Sadhak
2026-07-03 16:59:01,Sadhak,ALL,Broadcast,Message 17 from Sadhak
2026-07-03 16:59:02,Sadhak,ALL,Broadcast,Message 18 from Sadhak
2026-07-03 16:59:02,Sadhak,ALL,Broadcast,Message 19 from Sadhak
2026-07-03 16:59:02,Sadhak,ALL,Broadcast,Message 20 from Sadhak
2026-07-03 16:59:02,Sadhak,ALL,Broadcast,Message 21 from Sadhak
2026-07-03 16:59:02,Sadhak,ALL,Broadcast,Message 22 from Sadhak
2026-07-03 16:59:02,Sadhak,ALL,Broadcast,Message 23 from Sadhak
2026-07-03 16:59:02,Sadhak,ALL,Broadcast,Message 24 from Sadhak
2026-07-03 16:59:02,Sadhak,ALL,Broadcast,Message 25 from Sadhak
2026-07-03 16:59:02,Sadhak,ALL,Broadcast,Message 26 from Sadhak
2026-07-03 16:59:02,Sadhak,ALL,Broadcast,Message 27 from Sadhak
2026-07-03 16:59:03,Sadhak,ALL,Broadcast,Message 28 from Sadhak
2026-07-03 16:59:03,Sadhak,ALL,Broadcast,Message 29 from Sadhak
2026-07-03 16:59:03,Sadhak,ALL,Broadcast,Message 30 from Sadhak
2026-07-03 16:59:03,Sadhak,ALL,Broadcast,Message 31 from Sadhak
2026-07-03 16:59:03,Sadhak,ALL,Broadcast,Message 32 from Sadhak
2026-07-03 16:59:03,Sadhak,ALL,Broadcast,Message 33 from Sadhak
2026-07-03 16:59:03,Sadhak,ALL,Broadcast,Message 34 from Sadhak
2026-07-03 16:59:03,Sadhak,ALL,Broadcast,Message 35 from Sadhak
2026-07-03 16:59:03,Sadhak,ALL,Broadcast,Message 36 from Sadhak
2026-07-03 16:59:03,Sadhak,ALL,Broadcast,Message 37 from Sadhak
2026-07-03 16:59:04,Sadhak,ALL,Broadcast,Message 38 from Sadhak
2026-07-03 16:59:04,Sadhak,ALL,Broadcast,Message 39 from Sadhak
2026-07-03 16:59:04,Sadhak,ALL,Broadcast,Message 40 from Sadhak
2026-07-03 16:59:04,Sadhak,ALL,Broadcast,Message 41 from Sadhak
2026-07-03 16:59:04,Sadhak,ALL,Broadcast,Message 42 from Sadhak
2026-07-03 16:59:04,Sadhak,ALL,Broadcast,Message 43 from Sadhak
2026-07-03 16:59:04,Sadhak,ALL,Broadcast,Message 44 from Sadhak
2026-07-03 16:59:04,Sadhak,ALL,Broadcast,Message 45 from Sadhak
2026-07-03 16:59:04,Sadhak,ALL,Broadcast,Message 46 from Sadhak
2026-07-03 16:59:04,Sadhak,ALL,Broadcast,Message 47 from Sadhak
2026-07-03 16:59:05,Sadhak,ALL,Broadcast,Message 48 from Sadhak
2026-07-03 16:59:05,Sadhak,ALL,Broadcast,Message 49 from Sadhak
2026-07-03 16:59:05,Sadhak,ALL,Broadcast,Message 50 from Sadhak
2026-07-03 17:04:37,Hacker,ALL,Broadcast,/Sadhak hey sadhak bro !!
2026-07-03 17:05:01,Hacker,Sadhak,Private,Hey sadhak bro !!1
2026-07-03 17:05:29,Sadhak,Hacker,Private,Hey hacker ! how are u ? how's going work life
2026-07-03 17:05:53,Hacker,Sadhak,Private,"I'm good bro , work is also going well , what about you ?"
2026-07-03 17:06:23,Sadhak,Hacker,Private,Yeah I'm good too
2026-07-03 17:06:55,Noob,Alice,Private,Hey ALice bro !!
2026-07-03 17:07:34,Alice,Noob,Private,"Hey bro , are u better now ?"
2026-07-03 17:07:59,Noob,Alice,Private,"Yeah I'm totally fine now, time to level up in valorant"
2026-07-03 17:08:12,Alice,Noob,Private,Hell yeah let's goo
2026-07-03 17:08:16,Alice,ALL,Broadcast,Message 1 from Alice
2026-07-03 17:08:16,Alice,ALL,Broadcast,Message 2 from Alice
2026-07-03 17:08:16,Alice,ALL,Broadcast,Message 3 from Alice
2026-07-03 17:08:16,Alice,ALL,Broadcast,Message 4 from Alice
2026-07-03 17:08:16,Alice,ALL,Broadcast,Message 5 from Alice
2026-07-03 17:08:16,Alice,ALL,Broadcast,Message 6 from Alice
2026-07-03 17:08:16,Alice,ALL,Broadcast,Message 7 from Alice
2026-07-03 17:08:16,Alice,ALL,Broadcast,Message 8 from Alice
2026-07-03 17:08:16,Alice,ALL,Broadcast,Message 9 from Alice
2026-07-03 17:08:17,Alice,ALL,Broadcast,Message 10 from Alice
2026-07-03 17:08:17,Alice,ALL,Broadcast,Message 11 from Alice
2026-07-03 17:08:17,Alice,ALL,Broadcast,Message 12 from Alice
2026-07-03 17:08:17,Alice,ALL,Broadcast,Message 13 from Alice
2026-07-03 17:08:17,Alice,ALL,Broadcast,Message 14 from Alice
2026-07-03 17:08:17,Alice,ALL,Broadcast,Message 15 from Alice
2026-07-03 17:08:17,Alice,ALL,Broadcast,Message 16 from Alice
2026-07-03 17:08:17,Alice,ALL,Broadcast,Message 17 from Alice
2026-07-03 17:08:17,Alice,ALL,Broadcast,Message 18 from Alice
2026-07-03 17:08:17,Alice,ALL,Broadcast,Message 19 from Alice
2026-07-03 17:08:18,Alice,ALL,Broadcast,Message 20 from Alice
2026-07-03 17:08:18,Alice,ALL,Broadcast,Message 21 from Alice
2026-07-03 17:08:18,Alice,ALL,Broadcast,Message 22 from Alice
2026-07-03 17:08:18,Alice,ALL,Broadcast,Message 23 from Alice
2026-07-03 17:08:18,Alice,ALL,Broadcast,Message 24 from Alice
2026-07-03 17:08:18,Alice,ALL,Broadcast,Message 25 from Alice
2026-07-03 17:08:18,Alice,ALL,Broadcast,Message 26 from Alice
2026-07-03 17:08:18,Alice,ALL,Broadcast,Message 27 from Alice
2026-07-03 17:08:18,Alice,ALL,Broadcast,Message 28 from Alice
2026-07-03 17:08:18,Alice,ALL,Broadcast,Message 29 from Alice
2026-07-03 17:08:19,Alice,ALL,Broadcast,Message 30 from Alice
2026-07-03 17:08:19,Alice,ALL,Broadcast,Message 31 from Alice
2026-07-03 17:08:19,Alice,ALL,Broadcast,Message 32 from Alice
2026-07-03 17:08:19,Alice,ALL,Broadcast,Message 33 from Alice
2026-07-03 17:08:19,Alice,ALL,Broadcast,Message 34 from Alice
2026-07-03 17:08:19,Alice,ALL,Broadcast,Message 35 from Alice
2026-07-03 17:08:19,Alice,ALL,Broadcast,Message 36 from Alice
2026-07-03 17:08:19,Alice,ALL,Broadcast,Message 37 from Alice
2026-07-03 17:08:19,Alice,ALL,Broadcast,Message 38 from Alice
2026-07-03 17:08:19,Alice,ALL,Broadcast,Message 39 from Alice
2026-07-03 17:08:20,Alice,ALL,Broadcast,Message 40 from Alice
2026-07-03 17:08:20,Alice,ALL,Broadcast,Message 41 from Alice
2026-07-03 17:08:20,Alice,ALL,Broadcast,Message 42 from Alice
2026-07-03 17:08:20,Alice,ALL,Broadcast,Message 43 from Alice
2026-07-03 17:08:20,Alice,ALL,Broadcast,Message 44 from Alice
2026-07-03 17:08:20,Alice,ALL,Broadcast,Message 45 from Alice
2026-07-03 17:08:20,Alice,ALL,Broadcast,Message 46 from Alice
2026-07-03 17:08:20,Alice,ALL,Broadcast,Message 47 from Alice
2026-07-03 17:08:20,Alice,ALL,Broadcast,Message 48 from Alice
2026-07-03 17:08:20,Alice,ALL,Broadcast,Message 49 from Alice
2026-07-03 17:08:21,Alice,ALL,Broadcast,Message 50 from Alice
2026-07-03 17:08:24,Hacker,ALL,Broadcast,Message 1 from Hacker
2026-07-03 17:08:24,Hacker,ALL,Broadcast,Message 2 from Hacker
2026-07-03 17:08:24,Hacker,ALL,Broadcast,Message 3 from Hacker
2026-07-03 17:08:24,Hacker,ALL,Broadcast,Message 4 from Hacker
2026-07-03 17:08:24,Hacker,ALL,Broadcast,Message 5 from Hacker
2026-07-03 17:08:24,Hacker,ALL,Broadcast,Message 6 from Hacker
2026-07-03 17:08:24,Hacker,ALL,Broadcast,Message 7 from Hacker
2026-07-03 17:08:24,Hacker,ALL,Broadcast,Message 8 from Hacker
2026-07-03 17:08:25,Hacker,ALL,Broadcast,Message 9 from Hacker
2026-07-03 17:08:25,Hacker,ALL,Broadcast,Message 10 from Hacker
2026-07-03 17:08:25,Hacker,ALL,Broadcast,Message 11 from Hacker
2026-07-03 17:08:25,Hacker,ALL,Broadcast,Message 12 from Hacker
2026-07-03 17:08:25,Hacker,ALL,Broadcast,Message 13 from Hacker
2026-07-03 17:08:25,Hacker,ALL,Broadcast,Message 14 from Hacker
2026-07-03 17:08:25,Hacker,ALL,Broadcast,Message 15 from Hacker
2026-07-03 17:08:25,Hacker,ALL,Broadcast,Message 16 from Hacker
2026-07-03 17:08:25,Hacker,ALL,Broadcast,Message 17 from Hacker
2026-07-03 17:08:25,Hacker,ALL,Broadcast,Message 18 from Hacker
2026-07-03 17:08:26,Hacker,ALL,Broadcast,Message 19 from Hacker
2026-07-03 17:08:26,Hacker,ALL,Broadcast,Message 20 from Hacker
2026-07-03 17:08:26,Hacker,ALL,Broadcast,Message 21 from Hacker
2026-07-03 17:08:26,Hacker,ALL,Broadcast,Message 22 from Hacker
2026-07-03 17:08:26,Hacker,ALL,Broadcast,Message 23 from Hacker
2026-07-03 17:08:26,Hacker,ALL,Broadcast,Message 24 from Hacker
2026-07-03 17:08:26,Hacker,ALL,Broadcast,Message 25 from Hacker
2026-07-03 17:08:26,Hacker,ALL,Broadcast,Message 26 from Hacker
2026-07-03 17:08:26,Hacker,ALL,Broadcast,Message 27 from Hacker
2026-07-03 17:08:26,Hacker,ALL,Broadcast,Message 28 from Hacker
2026-07-03 17:08:27,Hacker,ALL,Broadcast,Message 29 from Hacker
2026-07-03 17:08:27,Hacker,ALL,Broadcast,Message 30 from Hacker
2026-07-03 17:08:27,Hacker,ALL,Broadcast,Message 31 from Hacker
2026-07-03 17:08:27,Hacker,ALL,Broadcast,Message 32 from Hacker
2026-07-03 17:08:27,Hacker,ALL,Broadcast,Message 33 from Hacker
2026-07-03 17:08:27,Hacker,ALL,Broadcast,Message 34 from Hacker
2026-07-03 17:08:27,Hacker,ALL,Broadcast,Message 35 from Hacker
2026-07-03 17:08:27,Hacker,ALL,Broadcast,Message 36 from Hacker
2026-07-03 17:08:27,Hacker,ALL,Broadcast,Message 37 from Hacker
2026-07-03 17:08:27,Hacker,ALL,Broadcast,Message 38 from Hacker
2026-07-03 17:08:28,Hacker,ALL,Broadcast,Message 39 from Hacker
2026-07-03 17:08:28,Hacker,ALL,Broadcast,Message 40 from Hacker
2026-07-03 17:08:28,Hacker,ALL,Broadcast,Message 41 from Hacker
2026-07-03 17:08:28,Hacker,ALL,Broadcast,Message 42 from Hacker
2026-07-03 17:08:28,Hacker,ALL,Broadcast,Message 43 from Hacker
2026-07-03 17:08:28,Hacker,ALL,Broadcast,Message 44 from Hacker
2026-07-03 17:08:28,Hacker,ALL,Broadcast,Message 45 from Hacker
2026-07-03 17:08:28,Hacker,ALL,Broadcast,Message 46 from Hacker
2026-07-03 17:08:28,Hacker,ALL,Broadcast,Message 47 from Hacker
2026-07-03 17:08:28,Hacker,ALL,Broadcast,Message 48 from Hacker
2026-07-03 17:08:29,Hacker,ALL,Broadcast,Message 49 from Hacker
2026-07-03 17:08:29,Hacker,ALL,Broadcast,Message 50 from Hacker
2026-07-03 17:08:31,Noob,ALL,Broadcast,Message 1 from Noob
2026-07-03 17:08:31,Noob,ALL,Broadcast,Message 2 from Noob
2026-07-03 17:08:31,Noob,ALL,Broadcast,Message 3 from Noob
2026-07-03 17:08:32,Noob,ALL,Broadcast,Message 4 from Noob
2026-07-03 17:08:32,Noob,ALL,Broadcast,Message 5 from Noob
2026-07-03 17:08:32,Noob,ALL,Broadcast,Message 6 from Noob
2026-07-03 17:08:32,Noob,ALL,Broadcast,Message 7 from Noob
2026-07-03 17:08:32,Noob,ALL,Broadcast,Message 8 from Noob
2026-07-03 17:08:32,Noob,ALL,Broadcast,Message 9 from Noob
2026-07-03 17:08:32,Noob,ALL,Broadcast,Message 10 from Noob
2026-07-03 17:08:32,Noob,ALL,Broadcast,Message 11 from Noob
2026-07-03 17:08:32,Noob,ALL,Broadcast,Message 12 from Noob
2026-07-03 17:08:32,Noob,ALL,Broadcast,Message 13 from Noob
2026-07-03 17:08:33,Noob,ALL,Broadcast,Message 14 from Noob
2026-07-03 17:08:33,Noob,ALL,Broadcast,Message 15 from Noob
2026-07-03 17:08:33,Noob,ALL,Broadcast,Message 16 from Noob
2026-07-03 17:08:33,Noob,ALL,Broadcast,Message 17 from Noob
2026-07-03 17:08:33,Noob,ALL,Broadcast,Message 18 from Noob
2026-07-03 17:08:33,Noob,ALL,Broadcast,Message 19 from Noob
2026-07-03 17:08:33,Noob,ALL,Broadcast,Message 20 from Noob
2026-07-03 17:08:33,Noob,ALL,Broadcast,Message 21 from Noob
2026-07-03 17:08:33,Noob,ALL,Broadcast,Message 22 from Noob
2026-07-03 17:08:33,Noob,ALL,Broadcast,Message 23 from Noob
2026-07-03 17:08:34,Noob,ALL,Broadcast,Message 24 from Noob
2026-07-03 17:08:34,Noob,ALL,Broadcast,Message 25 from Noob
2026-07-03 17:08:34,Noob,ALL,Broadcast,Message 26 from Noob
2026-07-03 17:08:34,Noob,ALL,Broadcast,Message 27 from Noob
2026-07-03 17:08:34,Noob,ALL,Broadcast,Message 28 from Noob
2026-07-03 17:08:34,Noob,ALL,Broadcast,Message 29 from Noob
2026-07-03 17:08:34,Noob,ALL,Broadcast,Message 30 from Noob
2026-07-03 17:08:34,Noob,ALL,Broadcast,Message 31 from Noob
2026-07-03 17:08:34,Noob,ALL,Broadcast,Message 32 from Noob
2026-07-03 17:08:34,Noob,ALL,Broadcast,Message 33 from Noob
2026-07-03 17:08:35,Noob,ALL,Broadcast,Message 34 from Noob
2026-07-03 17:08:35,Noob,ALL,Broadcast,Message 35 from Noob
2026-07-03 17:08:35,Noob,ALL,Broadcast,Message 36 from Noob
2026-07-03 17:08:35,Noob,ALL,Broadcast,Message 37 from Noob
2026-07-03 17:08:35,Noob,ALL,Broadcast,Message 38 from Noob
2026-07-03 17:08:35,Noob,ALL,Broadcast,Message 39 from Noob
2026-07-03 17:08:35,Noob,ALL,Broadcast,Message 40 from Noob
2026-07-03 17:08:35,Noob,ALL,Broadcast,Message 41 from Noob
2026-07-03 17:08:35,Noob,ALL,Broadcast,Message 42 from Noob
2026-07-03 17:08:35,Noob,ALL,Broadcast,Message 43 from Noob
2026-07-03 17:08:36,Noob,ALL,Broadcast,Message 44 from Noob
2026-07-03 17:08:36,Noob,ALL,Broadcast,Message 45 from Noob
2026-07-03 17:08:36,Noob,ALL,Broadcast,Message 46 from Noob
2026-07-03 17:08:36,Noob,ALL,Broadcast,Message 47 from Noob
2026-07-03 17:08:36,Noob,ALL,Broadcast,Message 48 from Noob
2026-07-03 17:08:36,Noob,ALL,Broadcast,Message 49 from Noob
2026-07-03 17:08:36,Noob,ALL,Broadcast,Message 50 from Noob
2026-07-03 17:08:39,Sadhak,ALL,Broadcast,Message 1 from Sadhak
2026-07-03 17:08:39,Sadhak,ALL,Broadcast,Message 2 from Sadhak
2026-07-03 17:08:39,Sadhak,ALL,Broadcast,Message 3 from Sadhak
2026-07-03 17:08:39,Sadhak,ALL,Broadcast,Message 4 from Sadhak
2026-07-03 17:08:39,Sadhak,ALL,Broadcast,Message 5 from Sadhak
2026-07-03 17:08:39,Sadhak,ALL,Broadcast,Message 6 from Sadhak
2026-07-03 17:08:39,Sadhak,ALL,Broadcast,Message 7 from Sadhak
2026-07-03 17:08:39,Sadhak,ALL,Broadcast,Message 8 from Sadhak
2026-07-03 17:08:39,Sadhak,ALL,Broadcast,Message 9 from Sadhak
2026-07-03 17:08:39,Sadhak,ALL,Broadcast,Message 10 from Sadhak
2026-07-03 17:08:40,Sadhak,ALL,Broadcast,Message 11 from Sadhak
2026-07-03 17:08:40,Sadhak,ALL,Broadcast,Message 12 from Sadhak
2026-07-03 17:08:40,Sadhak,ALL,Broadcast,Message 13 from Sadhak
2026-07-03 17:08:40,Sadhak,ALL,Broadcast,Message 14 from Sadhak
2026-07-03 17:08:40,Sadhak,ALL,Broadcast,Message 15 from Sadhak
2026-07-03 17:08:40,Sadhak,ALL,Broadcast,Message 16 from Sadhak
2026-07-03 17:08:40,Sadhak,ALL,Broadcast,Message 17 from Sadhak
2026-07-03 17:08:40,Sadhak,ALL,Broadcast,Message 18 from Sadhak
2026-07-03 17:08:40,Sadhak,ALL,Broadcast,Message 19 from Sadhak
2026-07-03 17:08:40,Sadhak,ALL,Broadcast,Message 20 from Sadhak
2026-07-03 17:08:41,Sadhak,ALL,Broadcast,Message 21 from Sadhak
2026-07-03 17:08:41,Sadhak,ALL,Broadcast,Message 22 from Sadhak
2026-07-03 17:08:41,Sadhak,ALL,Broadcast,Message 23 from Sadhak
2026-07-03 17:08:41,Sadhak,ALL,Broadcast,Message 24 from Sadhak
2026-07-03 17:08:41,Sadhak,ALL,Broadcast,Message 25 from Sadhak
2026-07-03 17:08:41,Sadhak,ALL,Broadcast,Message 26 from Sadhak
2026-07-03 17:08:41,Sadhak,ALL,Broadcast,Message 27 from Sadhak
2026-07-03 17:08:41,Sadhak,ALL,Broadcast,Message 28 from Sadhak
2026-07-03 17:08:41,Sadhak,ALL,Broadcast,Message 29 from Sadhak
2026-07-03 17:08:41,Sadhak,ALL,Broadcast,Message 30 from Sadhak
2026-07-03 17:08:42,Sadhak,ALL,Broadcast,Message 31 from Sadhak
2026-07-03 17:08:42,Sadhak,ALL,Broadcast,Message 32 from Sadhak
2026-07-03 17:08:42,Sadhak,ALL,Broadcast,Message 33 from Sadhak
2026-07-03 17:08:42,Sadhak,ALL,Broadcast,Message 34 from Sadhak
2026-07-03 17:08:42,Sadhak,ALL,Broadcast,Message 35 from Sadhak
2026-07-03 17:08:42,Sadhak,ALL,Broadcast,Message 36 from Sadhak
2026-07-03 17:08:42,Sadhak,ALL,Broadcast,Message 37 from Sadhak
2026-07-03 17:08:42,Sadhak,ALL,Broadcast,Message 38 from Sadhak
2026-07-03 17:08:42,Sadhak,ALL,Broadcast,Message 39 from Sadhak
2026-07-03 17:08:42,Sadhak,ALL,Broadcast,Message 40 from Sadhak
2026-07-03 17:08:43,Sadhak,ALL,Broadcast,Message 41 from Sadhak
