timestamp,event,username,ip
2026-07-03 12:42:00,CONNECTED,Alice,10.0.0.2
2026-07-03 12:42:01,CONNECTED,Hacker,10.0.0.3
2026-07-03 12:42:02,CONNECTED,Noob,10.0.0.4
2026-07-03 12:42:23,CONNECTED,Sadhak,10.0.0.5
2026-07-03 14:02:17,CONNECTED,Alice,10.0.0.2
2026-07-03 14:12:57,CONNECTED,Alice,10.0.0.2
2026-07-03 14:13:12,CONNECTED,Hacker,10.0.0.3
2026-07-03 14:13:33,CONNECTED,Noob,10.0.0.4
2026-07-03 14:13:47,CONNECTED,Sadhak,10.0.0.5
2026-07-03 14:20:45,DISCONNECTED,Sadhak,10.0.0.5
2026-07-03 14:22:07,DISCONNECTED,Alice,10.0.0.2
2026-07-03 14:22:09,DISCONNECTED,Hacker,10.0.0.3
2026-07-03 14:22:15,DISCONNECTED,Noob,10.0.0.4
2026-07-03 16:53:45,CONNECTED,Alice,10.0.0.3
2026-07-03 16:54:04,CONNECTED,Hacker,10.0.0.2
2026-07-03 16:55:35,CONNECTED,Alice,10.0.0.3
2026-07-03 16:56:02,CONNECTED,Hacker,10.0.0.2
2026-07-03 16:56:15,CONNECTED,Noob,10.0.0.4
2026-07-03 16:57:29,CONNECTED,Alice,10.0.0.3
2026-07-03 16:57:40,CONNECTED,Hacker,10.0.0.2
2026-07-03 16:58:04,CONNECTED,Noob,10.0.0.4
2026-07-03 16:58:20,CONNECTED,Sadhak,10.0.0.5
2026-07-03 17:03:44,CONNECTED,Alice,10.0.0.2
2026-07-03 17:03:56,CONNECTED,Hacker,10.0.0.3
2026-07-03 17:04:13,CONNECTED,Sadhak,10.0.0.5
2026-07-03 17:04:25,CONNECTED,Noob,10.0.0.4
